{"00": {"transformation": [[0.9888198159425802, 0.029387432460761306, -0.024805713402698125, -2.6641741409101624e-05], [-0.0391836296497556, 0.9877207670825784, -0.047773310380825024, 3.6407735441961467e-07], [0.03614103665798546, 0.034492200379266584, 1.0011562549672839, 2.4395564867794835e-05], [0.0, 0.0, 0.0, 1.0]]}, "01": {"transformation": [[0.9799916113393524, 0.02287075527665739, -0.0015802670104464137, -1.7211540064779683e-05], [0.0017553007901469709, 0.9492939109806611, 0.007231073909162205, 1.9629095948416324e-06], [0.04156961824976476, 0.027907656695869865, 0.9838576278715198, 4.5033152022647936e-05], [0.0, 0.0, 0.0, 1.0]]}, "02": {"transformation": [[0.9631574789519105, 0.011626813701534807, -0.008427138748634622, -2.018208341997644e-05], [-0.00742397939481465, 0.9856250075762957, -0.020769999111577047, 5.0937622017798665e-06], [0.017582471474917722, 0.08414648895747293, 1.0261385392336726, 3.833179386678099e-05], [0.0, 0.0, 0.0, 1.0]]}, "03": {"transformation": [[0.9624674533247045, -0.001407328886810935, -0.006012263996706077, -2.574769556981254e-05], [0.011639984332557451, 0.9398847759141506, -0.03959688624960928, -3.230305421513708e-06], [0.01509388820503066, 0.06004127366757119, 0.990783151373473, 3.9783195393622826e-05], [0.0, 0.0, 0.0, 1.0]]}, "04": {"transformation": [[0.965785981193809, -0.019059875664054, -0.0017188729970186937, -2.092047419470165e-05], [0.021106115055866778, 0.9917157135982311, -0.05550396069587308, 1.584721386453552e-05], [-0.012689960642407792, 0.07047775205063936, 1.0033173738023666, 3.6338650338515994e-05], [0.0, 0.0, 0.0, 1.0]]}, "05": {"transformation": [[0.9601518058252944, -0.006656374488295453, -0.01907067178396202, -2.254047159035424e-05], [-0.00960585608982328, 0.9305903091008302, -0.009080699989790992, -1.1534012904741403e-05], [0.014266305861059383, -0.024026912003701918, 0.9279664860828146, 4.8356420838662796e-05], [0.0, 0.0, 0.0, 1.0]]}, "06": {"transformation": [[0.9683190116426125, 0.0233712423081136, -0.015327612147153877, -1.2738742102623951e-05], [0.002281552562370117, 0.9814927851238097, -0.018469290807074188, -1.2368965205590547e-05], [0.038870238200100556, 0.015079599861556577, 0.9333671801049975, 2.675717613572513e-05], [0.0, 0.0, 0.0, 1.0]]}, "07": {"transformation": [[0.9411638709107418, 0.011883288650693425, 0.002865844619963139, -1.640279716650422e-05], [0.017254605976621613, 0.9191366955536496, -0.024814547992383702, -3.0971566909882625e-06], [-0.00807119301950981, -0.010779958595478844, 0.9506090603018141, 3.521495209872088e-05], [0.0, 0.0, 0.0, 1.0]]}, "08": {"transformation": [[0.9693198452686169, -0.009475284856466752, 0.013227535651855865, -1.2376413355786072e-05], [0.014366691997301437, 0.9502534838922818, -0.02980624029081871, 1.4298721061863395e-06], [-0.0223920490747724, 0.022415000516752222, 0.970879904945995, 2.8213329586475864e-05], [0.0, 0.0, 0.0, 1.0]]}, "09": {"transformation": [[0.9649437846466281, 0.0028899328428410634, 0.010295919316236806, -1.899166268265394e-05], [0.021274698775587075, 0.9623282605636471, -0.05141778488662006, 1.3906241282962713e-05], [-0.0099066121941344, 0.030863279731249194, 0.9730440438140866, 3.236372773514094e-05], [0.0, 0.0, 0.0, 1.0]]}, "10": {"transformation": [[0.961813590715756, 0.008435720592477729, -0.035248721515111416, -2.0266188397161646e-05], [-0.019420848373650205, 0.9769980224062771, -0.00982974471669934, -7.531963789057721e-06], [0.0008723739123883922, 0.020318460206483938, 0.9659607998158154, 4.2363853194396244e-05], [0.0, 0.0, 0.0, 1.0]]}, "11": {"transformation": [[0.9723356137683373, 0.014132205822818177, -0.01056919610047141, -2.7980625707112e-05], [-0.015501081265910767, 0.9556812783505326, -0.04276744510458454, -3.0507243310124325e-06], [0.027114211889109157, 0.004350417123743209, 0.9653952445611289, 3.585753248554679e-05], [0.0, 0.0, 0.0, 1.0]]}, "12": {"transformation": [[0.9395646754091851, 0.009312746542924235, 0.02271971237952213, -8.184397780641876e-06], [0.009792912867744552, 0.9591397955166253, -0.004098150379720948, -2.038861863637901e-06], [0.00678193555504988, -0.014458411785457988, 0.930445415615549, 4.0311936952700946e-05], [0.0, 0.0, 0.0, 1.0]]}, "13": {"transformation": [[0.941348195445248, 0.005407694387986236, 0.014202564658818436, -2.0156263059247733e-05], [0.011833180564512916, 0.9783126023432941, -0.05979413361878349, -1.5412265134318903e-05], [-0.018210367832060124, 0.0216209958095911, 0.9489044895357949, 3.068008766684258e-05], [0.0, 0.0, 0.0, 1.0]]}, "14": {"transformation": [[0.9380866388572525, -0.010722410404863441, 0.03203841273077733, -1.4765877385357921e-05], [0.0006862529400000405, 0.9639286461593033, -0.030566709777999662, -5.902812656670512e-06], [-0.01585523087297278, 0.03360625885201388, 0.9456652574855648, 2.5831830450636125e-05], [0.0, 0.0, 0.0, 1.0]]}, "15": {"transformation": [[0.9376396862446097, 0.03992116663368664, -0.02900955769639069, -2.0660280853150797e-05], [-0.011217338207688289, 0.9711177765176889, -0.0020619743101541774, -7.47831141601476e-06], [0.008751329849367584, 0.016943565352991203, 0.9209074372262207, 3.200074737487396e-05], [0.0, 0.0, 0.0, 1.0]]}, "16": {"transformation": [[0.9411573671447262, 0.017409800426156048, -0.016487898983370924, -1.8782907422088036e-05], [-0.015986248849721607, 0.9562404418761306, -0.022601942651375172, 1.052778480018707e-05], [0.01677261620771706, 0.02858698471176264, 0.896464360796062, 4.1967676114363714e-05], [0.0, 0.0, 0.0, 1.0]]}, "17": {"transformation": [[0.9290822871327585, 0.0030104567468479896, 0.031197474147008207, -1.520400528073255e-05], [0.0017594332880943354, 0.9434683072920493, 0.04213237368323097, 7.89024031260696e-06], [0.008042451210851053, -0.004235754711943709, 0.9177009999379486, 3.0397625532038457e-05], [0.0, 0.0, 0.0, 1.0]]}, "18": {"transformation": [[0.9308171142071914, -0.010958039214529305, 0.015334434306991027, -2.0802965452195506e-05], [-0.031795504774993544, 0.9535952133702232, 0.021261448733678828, -8.536071652954707e-06], [-0.023035860322668147, -0.008247324937949038, 0.9184750190857424, 4.049391417448759e-05], [0.0, 0.0, 0.0, 1.0]]}, "19": {"transformation": [[0.9321335983395473, 0.007584651606766617, 0.026767363389403172, -2.1973079709245485e-05], [0.010319018293591687, 0.9648287910468646, 0.02248232144482121, -1.2210490782012554e-07], [-0.003617034827801938, -0.02912146448682414, 0.9058651033199404, 4.1740161475827864e-05], [0.0, 0.0, 0.0, 1.0]]}, "20": {"transformation": [[0.9639000981063865, 0.02601203085668631, -0.022896887135430036, -2.5007553996652273e-05], [0.022583557754550492, 0.9567265359769874, 0.031829132602985595, -1.0129896698349925e-05], [0.028992432571428924, -0.009131153994312692, 0.9386724740656776, 2.3267914442767408e-05], [0.0, 0.0, 0.0, 1.0]]}, "21": {"transformation": [[0.9276746485861369, 0.02165809033686073, -0.01172999024338492, -2.473069965374936e-05], [0.002456374124070498, 0.9227471316032134, 0.031150043505381402, 3.7459239334732715e-06], [0.019123763054584773, -0.019465181235037522, 0.9475895979296626, 3.2409891783029306e-05], [0.0, 0.0, 0.0, 1.0]]}, "22": {"transformation": [[0.9297754217738526, 0.014143640983398528, 0.006260927565642219, -2.2937426324897413e-05], [-0.002787037185416948, 0.9284212373014358, 0.05014246094771667, -4.755566414891645e-06], [-0.0017601992420835954, 0.008070987248646716, 0.9267286143605696, 3.711577048834436e-05], [0.0, 0.0, 0.0, 1.0]]}, "23": {"transformation": [[0.9306288481856348, 0.002807469368866906, -0.0019632418072347475, -2.689422045019347e-05], [-0.015298632896766537, 0.9413586227854885, 0.008569682107928942, 4.591996896355845e-06], [-0.021540242434245706, -0.0005078242256698358, 0.9316764495379545, 4.602656829867397e-05], [0.0, 0.0, 0.0, 1.0]]},